0,cleaf,cawood,cfroot,cmass
1,28.6173779296875,346.65546875,28.867138671875,404.13998535156253
