0,cleaf,cawood,cfroot,cmass
1,0.75692666,11.348389,1.0886707,13.193986
